{"cameraMode":{"drawMode":0,"name":"Shaded","section":"Shading Mode"},"sceneLighting":true,"audioPlay":false,"sceneViewState":{"m_AlwaysRefresh":false,"showFog":true,"showSkybox":true,"showFlares":true,"showImageEffects":true,"showParticleSystems":true,"showVisualEffectGraphs":true,"m_FxEnabled":true},"in2DMode":false,"pivot":{"x":0.2834438979625702,"y":0.2422742396593094,"z":0.708204984664917},"rotation":{"x":0.1372120976448059,"y":0.07065944373607636,"z":-0.009813330136239529,"w":0.9879705309867859},"size":1.7109124660491944,"orthographic":false}